А59-196/2010;CCC40D29-215D-4D8B-B942-15B0E3D64364;D0B7517A-5C0F-4D80-B134-A261AF45B2B1
А59-196/2010;CCC40D29-215D-4D8B-B942-15B0E3D64364;17E1E4E2-ADD8-43A2-A1D3-449845A5E1F2
А59-196/2010;CCC40D29-215D-4D8B-B942-15B0E3D64364;4BD3F318-66AA-42DB-B968-96D8ED96BEA5
А59-196/2010;CCC40D29-215D-4D8B-B942-15B0E3D64364;EC1FD2C9-6235-45E4-9986-4BDCD5C35240
А59-196/2010;CCC40D29-215D-4D8B-B942-15B0E3D64364;8C432402-4C91-43DE-9404-0CC8E1035038
А59-196/2010;CCC40D29-215D-4D8B-B942-15B0E3D64364;BEC0ECE0-FD04-47F8-AB5B-21613CFBF12D
А59-196/2010;CCC40D29-215D-4D8B-B942-15B0E3D64364;43E75922-12BE-40B8-90E2-5EC0C790201D
А59-196/2010;CCC40D29-215D-4D8B-B942-15B0E3D64364;6AA26C97-726C-459F-A818-0738E40A5450
А59-196/2010;CCC40D29-215D-4D8B-B942-15B0E3D64364;7A58F6CB-D0EF-44A7-9283-F8095A2FFFA6
А59-196/2010;CCC40D29-215D-4D8B-B942-15B0E3D64364;03B7A2BF-5A35-4565-B655-CBC1FA06F0B5
А41-78583/2016;43A02647-D6C0-4FF2-8BDB-031134D1C0C3;A7C1DF3C-4454-421F-B069-B7E1041C2F04
А41-78583/2016;43A02647-D6C0-4FF2-8BDB-031134D1C0C3;6740561F-2A70-4B19-9D24-F4E0DDA2C760
А41-78583/2016;43A02647-D6C0-4FF2-8BDB-031134D1C0C3;4B7DDB6F-F59A-4782-AF9B-98E8298EDA10
А41-78583/2016;43A02647-D6C0-4FF2-8BDB-031134D1C0C3;4BEF1092-B4EE-4C69-B07B-D37F4CB368DF
А41-78583/2016;43A02647-D6C0-4FF2-8BDB-031134D1C0C3;6B7A5914-1475-43DC-B806-E86DE5AA125F
А41-78583/2016;43A02647-D6C0-4FF2-8BDB-031134D1C0C3;5CCE4619-ABF3-455D-9035-3D6A21933ED1
А41-78583/2016;43A02647-D6C0-4FF2-8BDB-031134D1C0C3;26CB5B0B-55FA-46E9-87B5-B990664C7508
А41-78583/2016;43A02647-D6C0-4FF2-8BDB-031134D1C0C3;0CB365A8-1F5F-40CC-B4FD-207A03B01AD9
А41-78583/2016;43A02647-D6C0-4FF2-8BDB-031134D1C0C3;B59835D4-18B8-47A2-A40A-195331537BC9
А41-78583/2016;43A02647-D6C0-4FF2-8BDB-031134D1C0C3;901C86C8-9433-4026-BBCD-897407F08414
А41-78634/2016;54D862AD-555D-4E37-AC27-D3384A6D32EC;A3DC3E7B-6911-43B0-9EEE-1ACE4E46742D
А41-78634/2016;54D862AD-555D-4E37-AC27-D3384A6D32EC;38A896F4-BEC5-473C-B824-E4B4AB59462E
А41-78634/2016;54D862AD-555D-4E37-AC27-D3384A6D32EC;948B5916-D096-4C31-960A-11D8482A32F9
А41-78634/2016;54D862AD-555D-4E37-AC27-D3384A6D32EC;B04B9823-58FA-41D3-93A4-DBB45A7B0E36
А41-78634/2016;54D862AD-555D-4E37-AC27-D3384A6D32EC;6A6F0DA5-2721-49D8-9361-4E131BE9E65E
А41-78634/2016;54D862AD-555D-4E37-AC27-D3384A6D32EC;711A5A2E-6ABE-4FF1-AF7E-C66A94A7A244
А41-78634/2016;54D862AD-555D-4E37-AC27-D3384A6D32EC;7AF0E2A8-C9D6-4D86-8622-C24EF26CC95E
А41-78634/2016;54D862AD-555D-4E37-AC27-D3384A6D32EC;493C07DE-B395-4016-8064-19D8A562552D
А41-78634/2016;54D862AD-555D-4E37-AC27-D3384A6D32EC;C26167B3-E690-42F6-9185-50E7EE8168D9
А41-78634/2016;54D862AD-555D-4E37-AC27-D3384A6D32EC;7081E0EE-C0B8-423D-9A4A-116059B6C230
А26-10405/2016;A8BE1ACB-0938-41EE-9CF1-5CAE2B0E3595;D3F3712D-EF76-43CA-B94F-D28179CA01EB
А26-10405/2016;A8BE1ACB-0938-41EE-9CF1-5CAE2B0E3595;4A77E4F0-7E99-48D2-B6F1-3DB11276362D
А26-10405/2016;A8BE1ACB-0938-41EE-9CF1-5CAE2B0E3595;CE3A81DE-8042-4AFD-AFB3-F099FF861658
А26-10405/2016;A8BE1ACB-0938-41EE-9CF1-5CAE2B0E3595;030A271D-9B60-4AAE-BF6D-AB90DC41C9D0
А26-10405/2016;A8BE1ACB-0938-41EE-9CF1-5CAE2B0E3595;FF78C027-DFA2-462B-9BA5-6FAAF3D9E929
А26-10405/2016;A8BE1ACB-0938-41EE-9CF1-5CAE2B0E3595;C2839CA2-EDC8-408F-98F8-D447A2B23ACD
А26-10405/2016;A8BE1ACB-0938-41EE-9CF1-5CAE2B0E3595;627FC91F-C415-4AE2-A572-2C3BBBC0B61A
А26-10405/2016;A8BE1ACB-0938-41EE-9CF1-5CAE2B0E3595;4E9DB697-1F62-4BCD-8EAB-C9C0D2E7E772
А26-10405/2016;A8BE1ACB-0938-41EE-9CF1-5CAE2B0E3595;4FDA396F-E753-459F-96E3-26D493547023
А26-10405/2016;A8BE1ACB-0938-41EE-9CF1-5CAE2B0E3595;2E3C8820-596D-4004-8F3C-C1924829DA5F
А40-232201/2016;0C1D89F0-01B9-4A73-B4B2-EEE38603C087;B71F63CC-130E-4150-B2AA-AFF22ED11A9A
А40-232201/2016;0C1D89F0-01B9-4A73-B4B2-EEE38603C087;93A34BDC-CAF0-4D25-BDA5-98973DDA959D
А40-232201/2016;0C1D89F0-01B9-4A73-B4B2-EEE38603C087;53396181-FE4A-4982-8A68-8BE2629F5526
А40-232201/2016;0C1D89F0-01B9-4A73-B4B2-EEE38603C087;C3817A13-70F4-475A-99DC-F16D8D72B58D
А40-232201/2016;0C1D89F0-01B9-4A73-B4B2-EEE38603C087;A47C8A6D-28B4-4E9D-A9DE-8153C7861E4A
А40-232201/2016;0C1D89F0-01B9-4A73-B4B2-EEE38603C087;E1E67D07-4563-4A29-9E4A-07CC1D1BF37E
А40-232201/2016;0C1D89F0-01B9-4A73-B4B2-EEE38603C087;CA758D5C-2B57-4513-B141-9DC660E5CDDF
А40-232201/2016;0C1D89F0-01B9-4A73-B4B2-EEE38603C087;DA89595E-61D9-4991-A576-112C36007B95
А40-232201/2016;0C1D89F0-01B9-4A73-B4B2-EEE38603C087;C2FDADA8-CB1B-4333-88AE-0E07CDA8C94D
А40-232201/2016;0C1D89F0-01B9-4A73-B4B2-EEE38603C087;2F630981-A09A-4C4F-A412-EAA04405ED1D
А51-4339/2008;369FF3D2-737F-4DE9-B82A-08D9C7813F23;1DF6F383-3097-4CB3-8ACC-7F91B28103B8
А51-4339/2008;369FF3D2-737F-4DE9-B82A-08D9C7813F23;DEEC0601-812A-4EC2-8C06-49EE2B2F0B0B
А51-4339/2008;369FF3D2-737F-4DE9-B82A-08D9C7813F23;D57C146C-32C8-4CC7-AE8F-ED0677ACF3E8
А51-4339/2008;369FF3D2-737F-4DE9-B82A-08D9C7813F23;5F962931-A204-4BFB-AFD9-48A1042F4180
А51-4339/2008;369FF3D2-737F-4DE9-B82A-08D9C7813F23;8C0E972B-DDC4-47E6-AEDD-217640530551
А51-4339/2008;369FF3D2-737F-4DE9-B82A-08D9C7813F23;1048042B-1F25-4E2B-AE90-894C05068AF0
А51-4339/2008;369FF3D2-737F-4DE9-B82A-08D9C7813F23;ACF3C434-CEAD-4EAF-A23A-BD3B30BC7564
А51-4339/2008;369FF3D2-737F-4DE9-B82A-08D9C7813F23;20D4B3EC-92E4-4002-8FCB-87C111997D23
А51-4339/2008;369FF3D2-737F-4DE9-B82A-08D9C7813F23;01DA4C1E-1406-4692-8A80-2A13A41DACDE
А51-4339/2008;369FF3D2-737F-4DE9-B82A-08D9C7813F23;1E990925-F565-47FE-A5DB-1F1434BA1A41
А59-5609/2016;8A2B6AE3-C1EB-4346-B152-6565F27E5F53;08D7E41A-0C42-4804-9FD2-BC4B0A617355
А59-5609/2016;8A2B6AE3-C1EB-4346-B152-6565F27E5F53;41ECDD44-0510-4CA4-ADED-A206FF795999
А59-5609/2016;8A2B6AE3-C1EB-4346-B152-6565F27E5F53;40788740-3E3D-481A-B36A-6D55CDBC11A4
А59-5609/2016;8A2B6AE3-C1EB-4346-B152-6565F27E5F53;E09B3E1A-B47D-4F7F-B603-16B0555B11ED
А59-5609/2016;8A2B6AE3-C1EB-4346-B152-6565F27E5F53;B1ADAC8D-80D5-4BEC-878D-4FB51ECAB1F3
А59-5609/2016;8A2B6AE3-C1EB-4346-B152-6565F27E5F53;CFC8E333-30E6-4D41-8681-0CF2482864D8
А59-5609/2016;8A2B6AE3-C1EB-4346-B152-6565F27E5F53;17CD3EC2-FAD8-415A-9659-5D89434EDB06
А59-5609/2016;8A2B6AE3-C1EB-4346-B152-6565F27E5F53;EEA40344-60DD-49D1-BC12-125821DCF496
А59-5609/2016;8A2B6AE3-C1EB-4346-B152-6565F27E5F53;5B8EA93B-56E1-4DB0-8D16-CD71A878B9DA
А59-5609/2016;8A2B6AE3-C1EB-4346-B152-6565F27E5F53;EF4B8C15-4DE1-476C-BE2B-EF6F9E9896B9
А74-14794/2016;903F579C-C431-4851-8791-EDCE2BA74931;009998A5-A0D2-4554-A752-F3C0B48152A0
А74-14794/2016;903F579C-C431-4851-8791-EDCE2BA74931;02616365-53F2-4F01-8F7D-19AB31FF2462
А74-14794/2016;903F579C-C431-4851-8791-EDCE2BA74931;672D0C9D-77B5-4030-8450-8D377BFDCD9A
А74-14794/2016;903F579C-C431-4851-8791-EDCE2BA74931;799A3579-5B9E-4EB6-8D91-BBCE6F7591AF
А74-14794/2016;903F579C-C431-4851-8791-EDCE2BA74931;3B59761C-3696-401D-8D90-BD127E6DD558
А74-14794/2016;903F579C-C431-4851-8791-EDCE2BA74931;177B0B5B-0A16-4E3C-9EC2-5F0CA08705A2
А74-14794/2016;903F579C-C431-4851-8791-EDCE2BA74931;F3BE7E33-8A17-4FEC-91B3-11C6CBE8BEBA
А74-14794/2016;903F579C-C431-4851-8791-EDCE2BA74931;66612330-099B-478F-95E2-DD0FAF6C84E7
А74-14794/2016;903F579C-C431-4851-8791-EDCE2BA74931;F0471D5F-124D-4BEF-9533-6E0C5306E96F
А74-14794/2016;903F579C-C431-4851-8791-EDCE2BA74931;290F21D6-8E07-4C44-8DB8-5A250AE8CC9B
А59-1692/2009;DE8112FC-6721-46A7-A246-42233F95E408;5EC3AF23-E64A-483F-B5E3-00940BA4B07D
А59-1692/2009;DE8112FC-6721-46A7-A246-42233F95E408;BF83695B-8B83-49D4-896A-9AC04BCBC1B0
А59-1692/2009;DE8112FC-6721-46A7-A246-42233F95E408;2769A10D-CB1D-4E18-AEA5-B07EF8221EBF
А59-1692/2009;DE8112FC-6721-46A7-A246-42233F95E408;5284F2BD-B6F4-4326-B984-E4496F9B0552
А59-1692/2009;DE8112FC-6721-46A7-A246-42233F95E408;C9F5F926-10C0-4643-9EC0-484A35724D98
А59-1692/2009;DE8112FC-6721-46A7-A246-42233F95E408;5ABCE024-96B9-46A7-ABFF-4CEC4737E640
А59-1692/2009;DE8112FC-6721-46A7-A246-42233F95E408;2C84B12D-5651-45C7-A14E-2AE706F0D9BD
А59-1692/2009;DE8112FC-6721-46A7-A246-42233F95E408;C01D74D3-F384-40BE-A55B-53087C466F83
А59-1692/2009;DE8112FC-6721-46A7-A246-42233F95E408;B04C17E3-D145-4D95-8D34-721EC7508C5E
А59-1692/2009;DE8112FC-6721-46A7-A246-42233F95E408;CC8D9EE4-C03C-4728-99EA-96279BE11371
А59-1982/2009;EB673D47-0F08-4EE5-A666-62B7F2799DC5;1A3D2A69-17C0-4D57-A709-94FB9358E383
А59-1982/2009;EB673D47-0F08-4EE5-A666-62B7F2799DC5;134AE0D8-DFF5-4FFC-B760-3593B4A2E974
А59-1982/2009;EB673D47-0F08-4EE5-A666-62B7F2799DC5;848BEE65-7066-42FE-A841-197C2B0997C7
А59-1982/2009;EB673D47-0F08-4EE5-A666-62B7F2799DC5;DA8A7086-288D-4061-AF27-A69D42C80365
А59-1982/2009;EB673D47-0F08-4EE5-A666-62B7F2799DC5;D63F27FD-CAE8-4B32-9419-E736BE3067B0
А59-1982/2009;EB673D47-0F08-4EE5-A666-62B7F2799DC5;8664DB0F-B29C-418D-84A5-FD51FD948491
А59-1982/2009;EB673D47-0F08-4EE5-A666-62B7F2799DC5;63E08A92-89B4-41B1-84BB-A63405BAE8F2
А59-1982/2009;EB673D47-0F08-4EE5-A666-62B7F2799DC5;24381C54-C911-4890-9890-D7CACA449E53
А59-1982/2009;EB673D47-0F08-4EE5-A666-62B7F2799DC5;525B4EF1-40CF-4306-8A02-0B2BD2CBD689
А59-1982/2009;EB673D47-0F08-4EE5-A666-62B7F2799DC5;2D5B5C2D-EF9F-41CC-9C2F-74D953BE5472
А74-14786/2016;D23C40F9-0ED7-4992-AF16-0C623242C1A3;564B21C1-D01E-48CB-A1E1-14875DEA207F
А74-14786/2016;D23C40F9-0ED7-4992-AF16-0C623242C1A3;2B5D0083-3ED8-49BF-8E10-5EAD00587A0B
А74-14786/2016;D23C40F9-0ED7-4992-AF16-0C623242C1A3;0CBF9EA6-ABC8-4F3C-8BF2-3082A9EF9EED
А74-14786/2016;D23C40F9-0ED7-4992-AF16-0C623242C1A3;6540EA9F-02E8-4829-B966-0D748266D8B6
А74-14786/2016;D23C40F9-0ED7-4992-AF16-0C623242C1A3;2C36E73F-7CD3-436E-812E-18629802947F
А74-14786/2016;D23C40F9-0ED7-4992-AF16-0C623242C1A3;4E7B8F04-A35D-4BCD-AC60-97953FF2AA0A
А74-14786/2016;D23C40F9-0ED7-4992-AF16-0C623242C1A3;443EB62E-AC79-4400-A733-822A63DAE23B
А74-14786/2016;D23C40F9-0ED7-4992-AF16-0C623242C1A3;D0BBAB7C-7A9D-4272-92FF-6BC0F0C9A88D
А74-14786/2016;D23C40F9-0ED7-4992-AF16-0C623242C1A3;04A2551B-B889-4AFD-A827-53CC9F081C15
А74-14786/2016;D23C40F9-0ED7-4992-AF16-0C623242C1A3;81F77FDF-F9A3-40F6-90CA-54229877ED7F
А73-14164/2008;9B8B18E8-30BF-4CCF-A153-C595740D8322;051228A8-07AD-4C30-9C61-4B52CD1F2D63
А73-14164/2008;9B8B18E8-30BF-4CCF-A153-C595740D8322;E4ECD968-AFB0-4BCF-BCD4-13E48EBAA8D9
А73-14164/2008;9B8B18E8-30BF-4CCF-A153-C595740D8322;E5ADBC0A-ADB9-43BF-8D7A-2DFE0DFD4A90
А73-14164/2008;9B8B18E8-30BF-4CCF-A153-C595740D8322;75AE61B7-79D7-456C-AB7A-D94339360166
А73-14164/2008;9B8B18E8-30BF-4CCF-A153-C595740D8322;D4B698E6-6873-42B3-B432-3F5290C8FCF2
А73-14164/2008;9B8B18E8-30BF-4CCF-A153-C595740D8322;7BE649C8-473B-4094-825A-45EE4316B540
А73-14164/2008;9B8B18E8-30BF-4CCF-A153-C595740D8322;2BE61EEA-C1FA-4CA8-B57C-43F98D49202D
А73-14164/2008;9B8B18E8-30BF-4CCF-A153-C595740D8322;0674A55E-4406-4604-99C8-82D0F00CF8E9
А73-14164/2008;9B8B18E8-30BF-4CCF-A153-C595740D8322;8333C3AB-99B7-4A7C-8A2C-BBA7F6750B43
А73-14164/2008;9B8B18E8-30BF-4CCF-A153-C595740D8322;8D39DEC9-97B9-4171-B0D8-1FDC59C7A9AC
А51-10589/2007;3B87C2A1-9ACA-409E-A0ED-1CABF657A1C7;513A83B6-B94C-4195-AFE8-ABBE46A10E7A
А51-10589/2007;3B87C2A1-9ACA-409E-A0ED-1CABF657A1C7;5E8AA341-E6E5-4679-BDFB-DC012BB53AF5
А51-10589/2007;3B87C2A1-9ACA-409E-A0ED-1CABF657A1C7;7D285E21-546E-43E4-8B19-BCCEE817A667
А51-10589/2007;3B87C2A1-9ACA-409E-A0ED-1CABF657A1C7;261F4358-A7D6-44A1-A2A0-6A68EA61C7AD
А51-10589/2007;3B87C2A1-9ACA-409E-A0ED-1CABF657A1C7;9E37B34B-3AC2-4106-AE61-4B8DA4E5A409
А51-10589/2007;3B87C2A1-9ACA-409E-A0ED-1CABF657A1C7;4A5DDF15-4E73-4653-8469-D4251E3A3FE9
А51-10589/2007;3B87C2A1-9ACA-409E-A0ED-1CABF657A1C7;7A294615-2157-4DF9-B284-1A441F3095AA
А51-10589/2007;3B87C2A1-9ACA-409E-A0ED-1CABF657A1C7;AF901A21-F43A-4899-8A29-E8A13F51F754
А51-10589/2007;3B87C2A1-9ACA-409E-A0ED-1CABF657A1C7;02051A68-536C-4E87-997E-D7569C7626E9
А51-10589/2007;3B87C2A1-9ACA-409E-A0ED-1CABF657A1C7;F00696FB-AC52-4034-9EF7-4FE8650F9FFB
А59-1691/2009;62484382-5A0D-4D5C-9F2F-5AE658A42CD2;A54BBE05-BEF2-4E40-8EC9-5DA6F96DDDF5
А59-1691/2009;62484382-5A0D-4D5C-9F2F-5AE658A42CD2;4E4B1640-8C82-46D5-8528-6B07549A1694
А59-1691/2009;62484382-5A0D-4D5C-9F2F-5AE658A42CD2;4EF14317-55C1-4045-B7DA-4ECD74EA1DA8
А59-1691/2009;62484382-5A0D-4D5C-9F2F-5AE658A42CD2;7F2F0B29-740D-4D26-BF5C-B57543445B6F
А59-1691/2009;62484382-5A0D-4D5C-9F2F-5AE658A42CD2;500CA7F2-3B15-438F-B0D9-EF3A1149F8A6
А59-1691/2009;62484382-5A0D-4D5C-9F2F-5AE658A42CD2;76702AAE-B2E5-4E6E-A6E6-02AD229D474A
А59-1691/2009;62484382-5A0D-4D5C-9F2F-5AE658A42CD2;F5E23F31-B14B-4D13-BA78-91650F1147BB
А59-1691/2009;62484382-5A0D-4D5C-9F2F-5AE658A42CD2;34CC245C-DF5E-437D-965F-6080EAFC3BD0
А59-1691/2009;62484382-5A0D-4D5C-9F2F-5AE658A42CD2;BA5C9903-ACA1-4E45-859C-523116A4D4F4
А59-1691/2009;62484382-5A0D-4D5C-9F2F-5AE658A42CD2;45DC6BA6-16F6-4CF7-8DF5-B9299C62C89E
А59-325/2008;049865A4-6274-4F8D-AFA1-48872F8C8F4F;4F06F855-4A35-4FDF-B7AB-25D3EA93CCE2
А59-325/2008;049865A4-6274-4F8D-AFA1-48872F8C8F4F;92B15C6D-BA05-4125-AD16-B4BD4A037F92
А59-325/2008;049865A4-6274-4F8D-AFA1-48872F8C8F4F;665AE3BA-5A02-454C-9264-39E910B2E419
А59-325/2008;049865A4-6274-4F8D-AFA1-48872F8C8F4F;72D4F3B6-78E2-4CA4-B8C1-1AF2A8B855C0
А59-325/2008;049865A4-6274-4F8D-AFA1-48872F8C8F4F;341A58C9-9E04-4166-B474-C6CF76A4548E
А59-325/2008;049865A4-6274-4F8D-AFA1-48872F8C8F4F;D9B44F42-6B30-4755-9254-28AED7B75003
А59-325/2008;049865A4-6274-4F8D-AFA1-48872F8C8F4F;971B9A99-96B9-4A6D-8855-5BD5E6C5C1D9
А59-325/2008;049865A4-6274-4F8D-AFA1-48872F8C8F4F;6204B0D5-7C45-41E1-8E4F-CAA20384CEC1
А59-325/2008;049865A4-6274-4F8D-AFA1-48872F8C8F4F;83C51D10-040C-4AB6-BA2E-77490300C1A8
А59-325/2008;049865A4-6274-4F8D-AFA1-48872F8C8F4F;C064BF23-E001-4B60-98ED-51540A3D62FF
А64-7277/2016;6A1D18F4-8BB2-4615-98A6-8C0366189E98;2FFD3308-1ABB-40AE-B255-FD308568B661
А64-7277/2016;6A1D18F4-8BB2-4615-98A6-8C0366189E98;62DCEAAF-3A6B-45AF-B9C3-2F84F1F4FBE5
А64-7277/2016;6A1D18F4-8BB2-4615-98A6-8C0366189E98;74D9EF7E-D9AB-4B9A-A30E-16EFABCCD480
А64-7277/2016;6A1D18F4-8BB2-4615-98A6-8C0366189E98;80108A3C-3458-4328-9EF0-35A5C1E64261
А64-7277/2016;6A1D18F4-8BB2-4615-98A6-8C0366189E98;95CB808D-15D6-4484-B49D-67BDC87D0BDE
А64-7277/2016;6A1D18F4-8BB2-4615-98A6-8C0366189E98;80BBCA78-795D-47E1-85AD-469ECA46BC34
А64-7277/2016;6A1D18F4-8BB2-4615-98A6-8C0366189E98;6F132403-E1EB-4CC9-B77B-2C43E147FC92
А64-7277/2016;6A1D18F4-8BB2-4615-98A6-8C0366189E98;929F7D63-6575-4CF2-9377-87A7606CCD69
А64-7277/2016;6A1D18F4-8BB2-4615-98A6-8C0366189E98;FEEE01DA-DC62-427E-BA27-FBA895F9DFA0
А64-7277/2016;6A1D18F4-8BB2-4615-98A6-8C0366189E98;D9D88E5C-8DC3-46D6-95CA-651514141F09
А73-1521/2008;BE31F928-4E43-4075-B184-2A629CDBD623;C2EDA6E6-17AF-48D7-B28A-7D1B82D720BA
А73-1521/2008;BE31F928-4E43-4075-B184-2A629CDBD623;FADA9D29-A69D-4EFD-9FA1-8BFC4F3EB3EC
А73-1521/2008;BE31F928-4E43-4075-B184-2A629CDBD623;8DAD8DD4-BE48-4D10-A053-639DA9C5B3D1
А73-1521/2008;BE31F928-4E43-4075-B184-2A629CDBD623;54EABAE5-778F-41E7-8DF2-CB803E2098E1
А73-1521/2008;BE31F928-4E43-4075-B184-2A629CDBD623;786FB99F-B249-4699-A622-5D802369A6B6
А73-1521/2008;BE31F928-4E43-4075-B184-2A629CDBD623;82391837-6BEA-448C-A88F-A149FC8F35C5
А12-67171/2016;BCA65BE8-83A1-4680-8551-A197BABC6480;1EA3E28F-916A-4B92-842B-063DD522AEB2
А12-67171/2016;BCA65BE8-83A1-4680-8551-A197BABC6480;1256D2A1-CD59-451F-9A82-09BE70FDFD9F
А12-67171/2016;BCA65BE8-83A1-4680-8551-A197BABC6480;403A66E4-F59F-4906-AC30-029ABD1C1768
А12-67171/2016;BCA65BE8-83A1-4680-8551-A197BABC6480;6ADC52E7-A7F3-4EEA-B7E3-9E534C45BB6F
А59-1293/2009;18CD211C-0A23-4F8E-B686-187EF00FAD9F;F32FA52F-836C-474B-8799-53F6883E554A
А59-1293/2009;18CD211C-0A23-4F8E-B686-187EF00FAD9F;CB6AE0E7-D867-4518-A1F6-126BEC37D5A0
А59-1293/2009;18CD211C-0A23-4F8E-B686-187EF00FAD9F;5934145C-F7CC-408B-8402-E80A686090F6
А59-1293/2009;18CD211C-0A23-4F8E-B686-187EF00FAD9F;7ED33715-0D2B-4A2B-B32B-13F25EBFAE69
А59-1293/2009;18CD211C-0A23-4F8E-B686-187EF00FAD9F;0F15FEDE-CBB9-49B2-8B65-B0808CFCFB4A
А59-1293/2009;18CD211C-0A23-4F8E-B686-187EF00FAD9F;C5F08A2B-64A5-4481-9C72-9968330BAF8D
А59-1293/2009;18CD211C-0A23-4F8E-B686-187EF00FAD9F;8B72DE1D-6F7F-4E97-9AA9-33B2F2E6D3FD
А59-1293/2009;18CD211C-0A23-4F8E-B686-187EF00FAD9F;A65C3823-A502-450C-A76C-F60D230BC80D
А59-1293/2009;18CD211C-0A23-4F8E-B686-187EF00FAD9F;050E82B2-2F91-4C88-A4D1-D345C7CACFAD
А59-1293/2009;18CD211C-0A23-4F8E-B686-187EF00FAD9F;B90480B8-5795-4F50-83FC-EB7B5205AB3D
А74-14792/2016;86523BEB-F27B-4237-AC4E-0D421DC56536;4464CFE3-A597-47B0-A0B2-67ABEEF229B6
А74-14792/2016;86523BEB-F27B-4237-AC4E-0D421DC56536;5CDFDE56-C3C7-468F-AEDA-30EB03B522A7
А74-14792/2016;86523BEB-F27B-4237-AC4E-0D421DC56536;DD2316DD-ECF7-434F-A340-B2B402FD6185
А74-14792/2016;86523BEB-F27B-4237-AC4E-0D421DC56536;88B6EB14-B9F5-4FF3-993E-C24AFDADF4D6
А74-14792/2016;86523BEB-F27B-4237-AC4E-0D421DC56536;A7C4A171-1656-43BE-874F-CF49C80DD92C
А74-14792/2016;86523BEB-F27B-4237-AC4E-0D421DC56536;DC2405EC-FC95-4D13-84ED-4E08427AD763
А74-14792/2016;86523BEB-F27B-4237-AC4E-0D421DC56536;E9743936-BB24-4471-96EF-B8EDABAA1EAD
А74-14792/2016;86523BEB-F27B-4237-AC4E-0D421DC56536;3FE0BD14-E37D-484B-A24D-37450F3FE2D0
А74-14792/2016;86523BEB-F27B-4237-AC4E-0D421DC56536;4B896285-87EF-4961-8E10-77D3D96C9836
А74-14792/2016;86523BEB-F27B-4237-AC4E-0D421DC56536;06BD4D2D-DDFF-42E8-9184-C80B8C20F304
А23-7693/2016;A4863F1E-88C5-4849-AD3F-2A4260A413C2;FD4326F0-5816-4599-9547-6DEB5249E1E3
А23-7693/2016;A4863F1E-88C5-4849-AD3F-2A4260A413C2;9DEFACAD-B598-4607-ACA5-406A6269108F
А23-7693/2016;A4863F1E-88C5-4849-AD3F-2A4260A413C2;F3C56091-5E02-48F2-BB6E-090708D5C0DC
А23-7693/2016;A4863F1E-88C5-4849-AD3F-2A4260A413C2;6D1ACD3A-116E-4FAA-8337-9C04946157FE
А23-7693/2016;A4863F1E-88C5-4849-AD3F-2A4260A413C2;C9625CEA-8040-4D5F-B1EB-8CA1B22F167E
А23-7693/2016;A4863F1E-88C5-4849-AD3F-2A4260A413C2;7BB8A9E4-BB28-4C5F-BE4F-9DC264D30A91
А23-7693/2016;A4863F1E-88C5-4849-AD3F-2A4260A413C2;077C26C6-6B74-4D32-8FC3-181959B4E641
А23-7693/2016;A4863F1E-88C5-4849-AD3F-2A4260A413C2;09EECA57-5B7C-4C45-B64C-E2124ADFF18C
А23-7693/2016;A4863F1E-88C5-4849-AD3F-2A4260A413C2;F4221600-518D-48D6-B0EE-F56E8349A43D
А23-7693/2016;A4863F1E-88C5-4849-AD3F-2A4260A413C2;12A517DA-26FB-40C0-AA34-90CAE69BC65A
А51-16416/2010;77819E3D-B391-4AC4-A936-EEB6FA8321A9;65FF78C7-DB44-4B6A-A4C9-4F154BFBAF14
А51-16416/2010;77819E3D-B391-4AC4-A936-EEB6FA8321A9;806EB303-014F-48D6-A68E-4E4E424922ED
А51-16416/2010;77819E3D-B391-4AC4-A936-EEB6FA8321A9;D0D763F3-EE3D-480D-9ECA-45DA6F95B679
А51-16416/2010;77819E3D-B391-4AC4-A936-EEB6FA8321A9;6ED93AA8-F334-43A0-9FFD-3874A2F8AECB
А51-16416/2010;77819E3D-B391-4AC4-A936-EEB6FA8321A9;FA022737-2D1A-4779-B296-D9C1C9C1DF27
А51-16416/2010;77819E3D-B391-4AC4-A936-EEB6FA8321A9;9C5D0A20-54AC-45B5-B990-08520A5788C9
А51-16416/2010;77819E3D-B391-4AC4-A936-EEB6FA8321A9;22AB248F-8875-47EB-B3CD-7C4CBAE14DBA
А51-16416/2010;77819E3D-B391-4AC4-A936-EEB6FA8321A9;EE3DBCE8-44DE-4496-9FE9-DC60DB7F4230
А51-16416/2010;77819E3D-B391-4AC4-A936-EEB6FA8321A9;07E0D3BB-F8FB-46E3-8A43-84EE37F10F9D
А51-16416/2010;77819E3D-B391-4AC4-A936-EEB6FA8321A9;C2AC07B7-7FFF-40D6-88BB-A338D19240B1
А74-14793/2016;F7856BAC-EC8A-445B-B422-FEE01DDAF11C;7F649C31-0719-452B-B03A-496CE39D1056
А74-14793/2016;F7856BAC-EC8A-445B-B422-FEE01DDAF11C;85CEFA0F-09A0-4303-8B7C-E302290ACDE7
А74-14793/2016;F7856BAC-EC8A-445B-B422-FEE01DDAF11C;A541CD13-4F5A-4AC5-889B-A281CCF9EE5A
А74-14793/2016;F7856BAC-EC8A-445B-B422-FEE01DDAF11C;8B5E65A3-313A-40C9-A6CC-F609B5548B30
А74-14793/2016;F7856BAC-EC8A-445B-B422-FEE01DDAF11C;662A94F8-2D15-4B68-A48D-839948517612
А74-14793/2016;F7856BAC-EC8A-445B-B422-FEE01DDAF11C;64BC471C-8B13-48CE-947A-E99A8A3AF333
А74-14793/2016;F7856BAC-EC8A-445B-B422-FEE01DDAF11C;0171DA26-971D-4073-A190-48767B1EAFCB
А74-14793/2016;F7856BAC-EC8A-445B-B422-FEE01DDAF11C;24C1D24F-4863-432A-AC40-58114BC1E2FE
А74-14793/2016;F7856BAC-EC8A-445B-B422-FEE01DDAF11C;1809D10C-9578-4016-8D05-4306CEE7D38F
А74-14793/2016;F7856BAC-EC8A-445B-B422-FEE01DDAF11C;60A53F42-EF0A-4FBA-8A3B-0F51CF31BE55
А37-1063/2007;13AEB8DD-994E-4117-8FE3-3422E9A890D8;380B1C8E-F56D-4D8E-BD14-4069CDA1E49B
А37-1063/2007;13AEB8DD-994E-4117-8FE3-3422E9A890D8;241D9041-B5EF-4D01-8569-CD2849C518F8
А37-1063/2007;13AEB8DD-994E-4117-8FE3-3422E9A890D8;C88A3BA9-C5EF-4D1D-96C4-815AAFC955D8
А37-1063/2007;13AEB8DD-994E-4117-8FE3-3422E9A890D8;6CDD87F8-00AE-4F6D-AC4E-485190E2167D
А37-1063/2007;13AEB8DD-994E-4117-8FE3-3422E9A890D8;FEFF9C9E-7D3D-4E49-A99A-289393543C6E
А37-1063/2007;13AEB8DD-994E-4117-8FE3-3422E9A890D8;B41C3295-9169-41B1-9818-45ABA19F5997
А37-1063/2007;13AEB8DD-994E-4117-8FE3-3422E9A890D8;3BA4DEF0-6F4C-43C8-8776-AED7C42D6299
А37-1063/2007;13AEB8DD-994E-4117-8FE3-3422E9A890D8;9619AEB0-0864-4EAC-97AE-12C4EA66129B
А37-1063/2007;13AEB8DD-994E-4117-8FE3-3422E9A890D8;8EC4929D-4549-4969-80BD-C454C78E3E2E
А37-1063/2007;13AEB8DD-994E-4117-8FE3-3422E9A890D8;805D5E87-A703-4F57-8EEE-152E9240BCD8
А83-8699/2016;5B5082F7-7B66-4566-ABD6-B48ED176706A;9733C43E-D388-4F95-A4EB-AEF8B937FB03
А83-8699/2016;5B5082F7-7B66-4566-ABD6-B48ED176706A;7CA0AA19-9B4F-460D-840B-EC03A8E1248B
А83-8699/2016;5B5082F7-7B66-4566-ABD6-B48ED176706A;0CE884BA-680D-4A0A-A8C0-1AA5F1BE1E4B
А83-8699/2016;5B5082F7-7B66-4566-ABD6-B48ED176706A;B5999998-AEE0-4E7F-A4A3-3015E49B7C08
А83-8699/2016;5B5082F7-7B66-4566-ABD6-B48ED176706A;9329E8BE-7254-4230-AABA-3166D88BD37D
А83-8699/2016;5B5082F7-7B66-4566-ABD6-B48ED176706A;D050D470-A1CD-48C6-B434-46C79DD61715
А83-8699/2016;5B5082F7-7B66-4566-ABD6-B48ED176706A;1753350C-66E6-491F-B7EC-A5B20C877ACB
А83-8699/2016;5B5082F7-7B66-4566-ABD6-B48ED176706A;B8760AAD-9667-49D6-A0E8-CCBCF964D155
А83-8699/2016;5B5082F7-7B66-4566-ABD6-B48ED176706A;4DE233D7-8AFA-4036-868C-001C6370C5AC
А83-8699/2016;5B5082F7-7B66-4566-ABD6-B48ED176706A;EEA59790-3AA0-4246-9405-CDE24D82ACE9
А73-16056/2016;2605B6D4-1832-461A-B48C-EB21C30AE72B;DFCE61EE-CFD9-4CF5-B606-83AA03019775
А73-16056/2016;2605B6D4-1832-461A-B48C-EB21C30AE72B;1BB8D83F-49CC-4F6E-9DCD-9D57A08667B2
А73-16056/2016;2605B6D4-1832-461A-B48C-EB21C30AE72B;32379081-42D5-4903-922E-0BB642468B09
А73-16056/2016;2605B6D4-1832-461A-B48C-EB21C30AE72B;8A0EC4B3-9DA4-4250-8C4C-DEC76F2AE168
А73-16056/2016;2605B6D4-1832-461A-B48C-EB21C30AE72B;EBA665D5-9F42-4E99-A933-8319E5B8A05C
А73-16056/2016;2605B6D4-1832-461A-B48C-EB21C30AE72B;CC0F417D-707E-472D-A309-07CA510E222B
А73-16056/2016;2605B6D4-1832-461A-B48C-EB21C30AE72B;34742B24-D4B1-4BA5-8628-75DA75131A40
А73-16056/2016;2605B6D4-1832-461A-B48C-EB21C30AE72B;CFEFAB72-0AF1-46ED-BDAD-FF873EFAA6A1
А73-16056/2016;2605B6D4-1832-461A-B48C-EB21C30AE72B;56C8EAD8-1319-48EF-93E4-41AD0928AD93
А73-16056/2016;2605B6D4-1832-461A-B48C-EB21C30AE72B;99FC796C-A513-4101-8157-0180248489D3
А37-676/2010;B4BB5D98-8D2F-46A8-B11F-78E30690A1CF;84B98516-EDAE-4A56-9E1B-46B66E61EF69
А37-676/2010;B4BB5D98-8D2F-46A8-B11F-78E30690A1CF;27C8C65B-A641-4EC5-9E09-BE2C3D1CC269
А37-676/2010;B4BB5D98-8D2F-46A8-B11F-78E30690A1CF;A607037D-8EFF-4710-88D3-AE5AB9AA8691
А37-676/2010;B4BB5D98-8D2F-46A8-B11F-78E30690A1CF;24253E8A-D209-43DD-A497-70AB9909BE75
А37-676/2010;B4BB5D98-8D2F-46A8-B11F-78E30690A1CF;BF9DA11F-B58F-4D08-AEC9-479CF6BFFF65
А37-676/2010;B4BB5D98-8D2F-46A8-B11F-78E30690A1CF;C27522FC-A6C0-4A3B-9DA1-DE628720628B
А37-676/2010;B4BB5D98-8D2F-46A8-B11F-78E30690A1CF;9BCE2BBD-9050-4A21-9A28-61361B148205
А37-676/2010;B4BB5D98-8D2F-46A8-B11F-78E30690A1CF;7A3DE3FB-8619-4400-BB19-04784047AB48
А37-676/2010;B4BB5D98-8D2F-46A8-B11F-78E30690A1CF;8BF7C642-60C8-41DF-845B-416CF57EA6C0
А37-676/2010;B4BB5D98-8D2F-46A8-B11F-78E30690A1CF;278E1044-3335-4FF4-ABF1-C49B6ABF2D6C
А40-232405/2016;286A1728-B8AC-4B06-A91A-898713A8A76B;9CEEFE5B-DAFD-47C8-BE2A-340F9A579982
А40-232405/2016;286A1728-B8AC-4B06-A91A-898713A8A76B;21FB7717-B22E-4AED-A9A3-46CD0092C7A1
А40-232405/2016;286A1728-B8AC-4B06-A91A-898713A8A76B;ACABB233-25C8-4F5F-93EC-6D586C8F6810
А40-232405/2016;286A1728-B8AC-4B06-A91A-898713A8A76B;CA222A7B-7BBB-4845-BB0E-80C504A8A242
А40-232405/2016;286A1728-B8AC-4B06-A91A-898713A8A76B;A55F3D23-B861-4AC2-9F82-61A50955DB48
А40-232405/2016;286A1728-B8AC-4B06-A91A-898713A8A76B;D354993B-A78D-410E-AB4D-108214B597CF
А73-7057/2008;2D237598-9FB1-4AA5-85CC-07756EB24A2F;08C918C3-DD82-424E-8FCA-2B554967EADF
А73-7057/2008;2D237598-9FB1-4AA5-85CC-07756EB24A2F;A3122B30-794C-4172-8AFA-18FD8B4C25E0
А73-7057/2008;2D237598-9FB1-4AA5-85CC-07756EB24A2F;ECD81E21-DD0D-4311-AD45-933C540B50DD
А73-7057/2008;2D237598-9FB1-4AA5-85CC-07756EB24A2F;CC1D1D6A-46F0-4AAB-B949-F16AFAA93F60
А41-79465/2016;4FA3A1FE-6A1F-4837-9393-0DDAC894DD2B;F06ABFF8-4698-40AB-B12C-5FBDACEB8C00
А41-79465/2016;4FA3A1FE-6A1F-4837-9393-0DDAC894DD2B;55C6A9D2-653A-47BB-BCAF-14E6FE8987B8
А41-79465/2016;4FA3A1FE-6A1F-4837-9393-0DDAC894DD2B;BBF961CB-4190-40C0-8E41-85CFBE2E10F5
А41-79465/2016;4FA3A1FE-6A1F-4837-9393-0DDAC894DD2B;33E5C2A4-CD5E-4B0B-B973-9E3327B006BF
А41-79465/2016;4FA3A1FE-6A1F-4837-9393-0DDAC894DD2B;CF729184-5B7C-4532-9FE0-C46E748A09A4
А41-79465/2016;4FA3A1FE-6A1F-4837-9393-0DDAC894DD2B;A017E9B5-43B9-46E1-AC05-F474FF33BE63
А41-79465/2016;4FA3A1FE-6A1F-4837-9393-0DDAC894DD2B;54C8DB13-D91F-4E0F-9F05-4ACAA36D0C67
А41-79465/2016;4FA3A1FE-6A1F-4837-9393-0DDAC894DD2B;EDFB17C7-5067-4CBC-AA29-57515C3CDFF7
А41-79465/2016;4FA3A1FE-6A1F-4837-9393-0DDAC894DD2B;1C93B0EA-0BD0-4BF3-8972-EEB83FD8E45F
А41-79465/2016;4FA3A1FE-6A1F-4837-9393-0DDAC894DD2B;A30A828B-8E30-4467-B134-004122630C30
А74-14784/2016;7FB6729E-0F5B-41B9-8E2D-F14696E2FF16;2CA49836-FFEB-478D-9A9C-B4CE09B8708C
А74-14784/2016;7FB6729E-0F5B-41B9-8E2D-F14696E2FF16;2CC67210-022A-40D6-949C-176808C98DAA
А74-14784/2016;7FB6729E-0F5B-41B9-8E2D-F14696E2FF16;6BE6CE62-DB5D-45F0-8290-479954ECAED8
А74-14784/2016;7FB6729E-0F5B-41B9-8E2D-F14696E2FF16;FC48FABB-EFA8-4CAF-A2BA-62A5CD42C15B
А74-14784/2016;7FB6729E-0F5B-41B9-8E2D-F14696E2FF16;6AB468D8-7D29-45C3-9922-EDAEE16CB9B1
А74-14784/2016;7FB6729E-0F5B-41B9-8E2D-F14696E2FF16;4451D276-182C-4C2A-8001-AB1BB92F3049
А74-14784/2016;7FB6729E-0F5B-41B9-8E2D-F14696E2FF16;FB0588AF-F0DA-47A9-9247-EBE672437323
А74-14784/2016;7FB6729E-0F5B-41B9-8E2D-F14696E2FF16;093742DA-6D00-4142-B74B-9E7C6A88752E
А74-14784/2016;7FB6729E-0F5B-41B9-8E2D-F14696E2FF16;4E825533-71C5-48F9-8C4E-D478A0AF9809
А74-14784/2016;7FB6729E-0F5B-41B9-8E2D-F14696E2FF16;DD98DC90-2DAA-4156-9CC4-58EE04693082
А59-4669/2012;FE572544-26A1-477C-876E-10DE61CD18A6;3D0D78A0-8EB2-4E8C-B157-7E4CEE8D8071
А59-4669/2012;FE572544-26A1-477C-876E-10DE61CD18A6;97FA12D1-C032-4882-9718-2210C3D83DD3
А59-4669/2012;FE572544-26A1-477C-876E-10DE61CD18A6;35E7C319-799C-4F81-BB67-F338AB1F3312
А59-4669/2012;FE572544-26A1-477C-876E-10DE61CD18A6;DC855A9A-3FBB-43E8-84DD-DCF56F981473
А59-4669/2012;FE572544-26A1-477C-876E-10DE61CD18A6;B9EDA17D-DE95-41D6-8928-7BA62A604F10
А59-4669/2012;FE572544-26A1-477C-876E-10DE61CD18A6;20129B18-7BD3-4EC1-A9D6-F2D7996CBBA7
А59-4669/2012;FE572544-26A1-477C-876E-10DE61CD18A6;2FAF7ED1-10D0-4DA8-BCF2-FADCD3CE702A
А59-4669/2012;FE572544-26A1-477C-876E-10DE61CD18A6;7C2434E1-C0A9-4EF5-8303-68886FC0621A
А59-4669/2012;FE572544-26A1-477C-876E-10DE61CD18A6;FE486546-FF27-4B92-9507-4087CF893DAD
А59-4669/2012;FE572544-26A1-477C-876E-10DE61CD18A6;CEC10882-A1B7-4A12-9B24-D7E035D28A2B
А59-5388/2010;E1D4CA37-7A07-438A-8EC4-0A226BE7EA74;F9318B26-5919-4B82-A458-A2D54B40C656
А59-5388/2010;E1D4CA37-7A07-438A-8EC4-0A226BE7EA74;D631EF5D-63FA-43AE-8CFC-0379E114375B
А59-5388/2010;E1D4CA37-7A07-438A-8EC4-0A226BE7EA74;FA9BE8CE-D492-482F-9DC6-EA77F5DD7922
А59-5388/2010;E1D4CA37-7A07-438A-8EC4-0A226BE7EA74;B70A4F11-04EA-4B9D-AF7B-676219855266
А59-5388/2010;E1D4CA37-7A07-438A-8EC4-0A226BE7EA74;A46B44C4-482C-4B67-B755-0AF16AB96361
А59-5388/2010;E1D4CA37-7A07-438A-8EC4-0A226BE7EA74;5AF1D7C4-5C7A-4013-918C-5F8B17730C73
А59-5388/2010;E1D4CA37-7A07-438A-8EC4-0A226BE7EA74;A3280EC3-61FD-499E-9F6E-0555C015C69C
А59-5388/2010;E1D4CA37-7A07-438A-8EC4-0A226BE7EA74;B214B6FE-DEA4-4336-846B-0F8FCECA6C1C
А59-5388/2010;E1D4CA37-7A07-438A-8EC4-0A226BE7EA74;C76C16B6-B6C5-4D26-B7F3-07602A0E8BB9
А59-5388/2010;E1D4CA37-7A07-438A-8EC4-0A226BE7EA74;E77C123A-FB38-4755-8E33-51046BC85F0A
А61-4221/2016;C1D96032-7B4D-4795-8CC6-57B61E7E95CE;B0A9140C-63FB-4CE0-B8CA-099587F4C1E2
А61-4221/2016;C1D96032-7B4D-4795-8CC6-57B61E7E95CE;5BAD938B-1360-4D59-9C3E-9A4AA6396736
А61-4221/2016;C1D96032-7B4D-4795-8CC6-57B61E7E95CE;EB9F33B6-02AB-488D-B2C1-616B446AFC82
А61-4221/2016;C1D96032-7B4D-4795-8CC6-57B61E7E95CE;9DDBC730-9D44-48CF-BAD6-8F98A64E24AF
А61-4221/2016;C1D96032-7B4D-4795-8CC6-57B61E7E95CE;22BA884E-5974-4D69-A543-9DF9D3B71876
А61-4221/2016;C1D96032-7B4D-4795-8CC6-57B61E7E95CE;5CD53BA1-74EC-4912-8143-EA0A5A04EC6C
А61-4221/2016;C1D96032-7B4D-4795-8CC6-57B61E7E95CE;91ED9065-906E-4D9E-B55A-06453459539D
А61-4221/2016;C1D96032-7B4D-4795-8CC6-57B61E7E95CE;DA2E72B1-1E16-4E1F-9DC7-02557B7F1CC2
А61-4221/2016;C1D96032-7B4D-4795-8CC6-57B61E7E95CE;DF02ADCF-77F0-4EDD-ABB6-2CFCE41894C1
А61-4221/2016;C1D96032-7B4D-4795-8CC6-57B61E7E95CE;9E8ADB77-1B11-4068-82D8-3630DA87AE40